﻿"Cube Title","Product Id","CANSIM Id",URL,"Cube Notes","Archive Status",Frequency,"Start Reference Period","End Reference Period","Total number of dimensions"
"Sales of cannabis by liquor and cannabis authorities and other retail outlets, by cannabis type","10100164",,"https://www150.statcan.gc.ca/t1/tbl1/en/tv.action?pid=1010016401",1,"CURRENT - a cube available to the public and that is current","Annual","2021-01-01","2023-01-01","3",

"Dimension ID","Dimension name","Dimension Notes","Dimension Definitions"
"1","Geography",,""
"2","Value",,""
"3","Type of cannabis",,""

"Dimension ID","Member Name","Classification Code","Member ID","Parent Member ID",Terminated,"Member Notes","Member Definitions"
"1","Newfoundland and Labrador","[10]","2","1","",3,
"1","Prince Edward Island","[11]","3","1","",6,
"1","Nova Scotia","[12]","4","1","",,
"1","New Brunswick","[13]","5","1","",,
"1","Quebec","[24]","6","1","",4,
"1","Ontario","[35]","7","1","",,
"1","Manitoba","[46]","8","1","",,
"1","Saskatchewan","[47]","9","1","",,
"1","Alberta","[48]","10","1","",,
"1","British Columbia","[59]","11","1","",,
"1","Yukon","[60]","12","1","",,
"1","Northwest Territories","[61]","13","1","",,
"1","Nunavut","[62]","14","1","",,
"1","Canada","[11124]","1","","",1,
"2","Value of sales","","1","","",,
"2","Value of sales per capita","","3","","",2,
"3","Dried cannabis","","2","1","",,
"3","Inhaled cannabis extracts","","3","1","",,
"3","Ingested cannabis extracts","","4","1","",,
"3","Solid cannabis edibles","","5","1","",,
"3","Cannabis beverages","","6","1","",,
"3","Topicals, seeds, and other cannabis products","","7","1","",,
"3","Total cannabis products","","1","","",,

Symbol Legend
Description,Symbol
"not available for a specific reference period","..",
"less than the limit of detection","<LOD",
"value rounded to 0 (zero) where there is a meaningful distinction between true zero and the value that was rounded","0s",
"data quality: excellent","A",
"data quality: very good","B",
"data quality: good","C",
"data quality: acceptable","D",
"use with caution","E",
"too unreliable to be published","F",
"not applicable","...",
"preliminary","p",
"revised","r",
"suppressed to meet the confidentiality requirements of the Statistics Act","x",
"terminated","t",

"Survey Code","Survey Name"
"1726","Control and Sale of Alcoholic Beverages in Canada"

"Subject Code","Subject Name"
"10","Government"

"Note ID",Note
1,"Data may not add to the total due to rounding."
2,"Per capita sales by value are based on the population of inhabitants of legal age to buy, use, possess, and grow recreational cannabis. The population estimates are based on table 17-10-0005-01 Estimates of Population, by age group and sex for July 1, Canada, provinces, and territories, annual (persons)."
3,"During the 2021/2022 reference year, cannabis vapes were banned in Newfoundland and Labrador. This ban was reversed during the 2022/2023 reference year."
4,"Cannabis vapes and topicals are not sold in Quebec. Solid edibles were not sold until the 2022/2023 reference year, but sales data are unavailable for that reference year."
6,"Cannabis vapes are not sold in Prince Edward Island."

"Correction ID","Correction Date","Correction Note"
